layout,scenario,outcome,encounter,ttc_s,ttc_band,min_ped_gap_m,lane_entry_gap_m,lane_entry_speed,first_detect_m,stopped_for_ped,min_gap_while_stopped_m,resume_delay_s,rms_cte_m,max_cte_m,progress,sim_time_s,wall_time_s,real_time_factor
L00,S00,completed,car first,-2.7419887865197943,entered beside car,1.1062110728992582,-10.996144207889955,4.010280516809318,,False,,,0.11111226208840087,0.28464840751147796,0.9961374922392073,30.133333333333333,20.532476100000167,1.4675937371885257
L00,S01,collision_side,simultaneous,,no conflict,-0.0029904236466522516,,,,False,,,0.08417337613269263,0.1585629454419848,0.5481397216205726,16.15,10.34149410000009,1.561669894488443
L00,S02,completed,pedestrian first,3.0876011074560807,> 3 s,1.2474216304761971,10.832198542651994,3.5082894990851976,6.545617580413818,False,,,0.10807421166475546,0.28370990250843814,0.9961374922392073,32.75833333333333,20.507824500000424,1.5973577954761928
L00,S03,collision_side,simultaneous,-0.16616796810312662,entered beside car,-0.011849663296479296,-0.5833334445953398,3.510504769687701,9.56802749633789,False,,,0.08795205253233117,0.1585629454419848,0.4849350723457835,14.516666666666667,9.013431700000183,1.6105593462994092
L00,S04,completed,car first,-3.8797796690505946,entered beside car,1.870555536164139,-15.55792867999893,4.010003146340021,,False,,,0.11111195335955316,0.28464570976383735,0.9961374922392073,30.133333333333333,19.223871999999574,1.5674955250083855
L00,S05,collision_side,simultaneous,,no conflict,-0.007834150170619836,,,,False,,,0.1198931185242943,0.28464570976383735,0.8802622995998608,24.066666666666666,14.836156200000005,1.6221632033414868
L00,S06,completed,car first,-1.5751244979307462,entered beside car,0.2621176653745896,-6.316666913032535,4.010265170360052,,False,,,0.11110943454408292,0.28714412514820364,0.9961374922392073,30.141666666666666,18.95770420000008,1.5899428722316775
L00,S07,completed,pedestrian first,4.153570929704159,> 3 s,1.74336882888581,11.007294995636855,2.650079938907136,,False,,,0.1050472899215002,0.2864913539795526,0.9961374922392073,36.13333333333333,22.55097089999981,1.6022961270077127
L00,S08,collision_side,simultaneous,,no conflict,-0.007878953686880408,,,,False,,,0.11321261803563484,0.2864913539795526,0.8570872530351046,28.825,18.510075199999847,1.5572600158858478
L00,S09,completed,car first,-3.035226312513428,entered beside car,0.714147950211288,-8.256368771775072,2.7201822604582295,,False,,,0.1050472899215002,0.2864913539795526,0.9961374922392073,36.13333333333333,23.171404700000494,1.5593933039947536
L01,S00,completed,car first,-6.490842985540585,entered beside car,2.5390317131582116,-17.23245416319989,2.6548869232529584,,False,,,0.10137191115249101,0.2278194124184846,0.9945543064003686,29.033333333333335,19.128551800000423,1.5178009102253467
L01,S01,completed,car first,-2.160043864592464,entered beside car,0.5888394623211433,-7.581448066107704,3.5098583831482046,,False,,,0.09913668996671549,0.22758112932200628,0.9945543064003686,31.441666666666666,19.1026894000006,1.645928801348028
L01,S02,completed,pedestrian first,2.6832951646014567,1.5-3 s,0.7435139679479867,9.41607556374295,3.5091463987866938,,False,,,0.09913668996671549,0.22758112932200628,0.9945543064003686,31.441666666666666,18.729135300000053,1.6787569827992315
L01,S03,collision_side,simultaneous,,no conflict,-0.005339932954066207,,,9.664581298828125,False,,,0.08489639787078124,0.15504293432064564,0.5004233316210606,14.5,8.57642339999984,1.6906814558619239
L01,S04,completed,car first,-8.048287808027588,entered beside car,3.2382898071542217,-21.568958268914045,2.679943707703962,,False,,,0.10137214060215831,0.2278183734109519,0.9945543064003686,29.033333333333335,17.9386502999987,1.6184792527749672
L01,S05,collision_side,simultaneous,,no conflict,-0.001462972257350259,,,,False,,,0.10996234075730764,0.2278183734109519,0.8910861280073706,23.566666666666666,14.163582699999097,1.6638916272694315
L01,S06,completed,car first,-2.9998254570060907,entered beside car,1.531448396396189,-12.029904015318657,4.010201322621229,,False,,,0.10137214060215831,0.2278183734109519,0.9945543064003686,29.033333333333335,17.67710570000054,1.6424257356413527
L01,S07,completed,pedestrian first,2.9194849607012463,1.5-3 s,0.6642371862284264,7.887802006669602,2.7017786057630486,,False,,,0.0968741033632562,0.22735074725358537,0.9945543064003686,34.81666666666667,21.241470900000422,1.6390892528382288
L01,S08,collision_side,simultaneous,,no conflict,-0.004427269704756043,,,,False,,,0.10499141621674919,0.22735074725358537,0.8711185778841645,28.291666666666668,16.972761200000605,1.666886509112357
L01,S09,completed,car first,-4.732088897667795,entered beside car,1.8779397510941904,-12.776834927425718,2.7000411876714248,,False,,,0.0968741033632562,0.22735074725358537,0.9945543064003686,34.81666666666667,21.114933400000155,1.6489119812552389
L02,S00,completed,car first,-6.204562107210941,entered beside car,2.5476071974635417,-16.572372517317206,2.670997925551716,,False,,,0.103789417899844,0.2321851304768579,0.9957944280947008,29.916666666666668,24.256121300000814,1.2333656439401819
L02,S01,completed,car first,-2.142353038817171,entered beside car,0.5942239560060472,-7.521504423879691,3.5108613228529495,,False,,,0.10162602751130938,0.23291390947621526,0.9957944280947008,32.416666666666664,24.799724000000424,1.307138203097184
L02,S02,completed,pedestrian first,2.645169548902826,1.5-3 s,1.107746683711774,9.282210231355727,3.509117302218241,,False,,,0.10162602751130938,0.23291390947621526,0.9957944280947008,32.416666666666664,24.721613100000468,1.3112682629381516
L02,S03,collision_side,simultaneous,,no conflict,-0.0044724526490895755,,,8.819730758666992,False,,,0.08537433309815265,0.15519332529429974,0.48279625255992115,14.575,11.02403719999893,1.3221109232107287
L02,S04,completed,car first,-7.65465151728944,entered beside car,3.4471635301821095,-20.606109443493693,2.6919722468032674,,False,,,0.10378489603605143,0.23437352421396224,0.9957944280947008,29.916666666666668,23.072274399999515,1.296650089540687
L02,S05,collision_side,simultaneous,-0.9585800176775521,entered beside car,-0.006118277597804145,-3.8441667079925566,4.010272107806091,,False,,,0.1104017996664194,0.23218582902138207,0.9032719015565871,24.475,18.41763290000017,1.328889555617094
L02,S06,completed,car first,-2.9709960530231414,entered beside car,1.586995720007586,-11.915277106692457,4.0105327957497785,,False,,,0.10378932729462027,0.23218582902138207,0.9957944280947008,29.916666666666668,23.04420509999909,1.2982294913990264
L02,S07,completed,pedestrian first,2.985107919358226,1.5-3 s,1.3388775573417515,8.305000114440915,2.782144009127289,9.31714916229248,False,,,0.09870576887142862,0.23361634633956635,0.9957944280947008,36.725,27.89044020000074,1.3167594249731143
L02,S08,collision_side,simultaneous,,no conflict,-0.0020607542908814835,,,,False,,,0.10580704748922241,0.23361634633956635,0.8675245586112664,29.058333333333334,21.961852300000828,1.3231276185812542
L02,S09,completed,car first,-4.735727778154805,entered beside car,1.8503909717453872,-12.786947052632648,2.7001017903978557,,False,,,0.09926581009157949,0.23361634633956635,0.9957944280947008,35.925,27.687595400000646,1.2975124593159564
L03,S00,completed,car first,-2.9340367783803014,entered beside car,1.2714672886577283,-11.767918938049625,4.0108287069754995,,False,,,0.11078120590264975,0.2957860986622188,0.9956732350412799,32.53333333333333,24.900965200000428,1.306508927346028
L03,S01,collision_side,simultaneous,,no conflict,-0.003053008720634409,,,,False,,,0.08574897700457845,0.1589731987367285,0.541882077009985,17.7,11.079612100000304,1.597528852115636
L03,S02,completed,pedestrian first,2.935939723036259,1.5-3 s,1.0832794640554404,10.298866167911896,3.507860221755889,5.906681537628174,False,,,0.10788350056203477,0.29592552295253477,0.9956732350412799,35.608333333333334,22.15471450000041,1.6072576034925965
L03,S03,collision_side,simultaneous,-0.24212712728637126,entered beside car,-0.010072940104620898,-0.8499996185302763,3.5105509574933147,9.158852577209473,False,,,0.08942580192930057,0.1589731987367285,0.4814646661922628,15.95,9.56140680000135,1.6681645633985311
L03,S04,completed,car first,-4.149887091465073,entered beside car,2.061745777332437,-16.63893171888582,4.009490222783778,,False,,,0.11078143003147921,0.29578523348546215,0.9956732350412799,32.53333333333333,20.42953839999973,1.5924654143597177
L03,S05,collision_side,simultaneous,-0.6680719310667552,entered beside car,-0.00870086326276498,-2.679166746139529,4.010296828159692,,False,,,0.11763366435228335,0.29578523348546215,0.9026477209070769,26.916666666666668,16.614703400000508,1.620050988491666
L03,S06,completed,car first,-1.7746140087516615,entered beside car,0.4677346766417507,-7.116666030883785,4.010261384045958,,False,,,0.11078143003147921,0.29578523348546215,0.9956732350412799,32.53333333333333,20.455041600000186,1.5904799398370832
L03,S07,completed,pedestrian first,4.231561048303161,> 3 s,1.8028389494029593,11.529166984558103,2.7245659114811196,11.492579460144043,False,,,0.10486024938197877,0.2958454211627166,0.9956732350412799,39.708333333333336,24.60221730000012,1.6140144137875387
L03,S08,collision_side,simultaneous,-0.43316408603073764,entered beside car,-0.0032013849572503084,-1.304166656732562,3.0107912885465242,,False,,,0.11152632105720545,0.2958454211627166,0.8658701931559702,32.266666666666666,19.75968180000018,1.632954770894457
L03,S09,completed,car first,-3.102736119538438,entered beside car,0.7781119287137059,-8.392375563363586,2.7048305882396577,,False,,,0.10495704877990786,0.2958454211627166,0.9956732350412799,39.55833333333333,24.87794859999849,1.5900962723805825
L04,S00,completed,car first,-3.4008104407143236,entered beside car,1.6904700292825439,-13.597060052877495,3.9981822832858334,,False,,,0.10688029095448719,0.24761634265787427,0.994445942481613,27.416666666666668,18.439729100000477,1.4868258919631285
L04,S01,collision_side,simultaneous,-1.3959289861022903,entered beside car,-0.005809697613301523,-4.8985819963614645,3.5091914023787654,,False,,,0.0826331478577953,0.15525661164273186,0.560610456300174,14.833333333333334,9.540829999999914,1.5547214795079114
L04,S02,completed,pedestrian first,2.905239044838653,1.5-3 s,1.0441090103704873,10.193782345306367,3.508758552387036,,False,,,0.10441887201156498,0.24810968007533707,0.994445942481613,29.441666666666666,18.661463999998887,1.5776718625434973
L04,S03,collision_front,simultaneous,,no conflict,-0.0048590100185013085,,,8.564184188842773,False,,,0.08711602381872235,0.15525661164273186,0.48442354769163226,13.241666666666667,8.119419700000435,1.630863676952918
L04,S04,completed,car first,-6.838320667985285,entered beside car,2.4876080089750054,-18.13659607583213,2.6522002924989416,,False,,,0.10691201206344696,0.24836896910252215,0.994445942481613,27.408333333333335,17.33943559999898,1.5806935107700362
L04,S05,collision_side,simultaneous,,no conflict,-0.002971686910011595,,,,False,,,0.1182448085351198,0.2476194536275835,0.8629997182654473,21.466666666666665,13.246016400000372,1.6206130219396424
L04,S06,completed,car first,-2.1228976366657566,entered beside car,0.7821860006967896,-8.509574346468227,4.008471345718509,,False,,,0.1069183920884094,0.24922887023648455,0.994445942481613,27.408333333333335,17.31271359999846,1.5831332953683108
L04,S07,completed,pedestrian first,3.5136879930952123,> 3 s,1.3254179204896661,9.422017788558243,2.6815180537012835,,False,,,0.10205805447944778,0.24884911614831046,0.994445942481613,32.49166666666667,20.387284500000533,1.5937221392415364
L04,S08,collision_side,simultaneous,,no conflict,-0.006329770788243927,,,,False,,,0.11231724562940894,0.24884911614831046,0.8500402328788164,25.641666666666666,15.992141900000206,1.6033916424082215
L04,S09,completed,car first,-3.79020604516089,entered beside car,1.206929504659552,-10.23161219349791,2.699487065237792,,False,,,0.10205805447944778,0.24884911614831046,0.994445942481613,32.49166666666667,20.740386800000124,1.5665892338452663
L05,S00,completed,car first,-6.637700915307391,entered beside car,2.479499844591602,-17.39753724271496,2.6210185521607343,,False,,,0.10174092372551227,0.219030014310923,0.9941187312022458,27.391666666666666,15.692079100001138,1.7455728136537803
L05,S01,completed,car first,-2.201706048630755,entered beside car,0.6339348262415636,-7.726426939799055,3.5092908722325276,,False,,,0.09968146052751926,0.21909555994347435,0.9941187312022458,29.533333333333335,15.796561699999074,1.8696051643526366
L05,S02,completed,pedestrian first,2.5913658931423305,1.5-3 s,1.067895796347348,9.093453591896534,3.5091353235608387,6.581165313720703,False,,,0.09929151852338727,0.21903346667397078,0.9941187312022458,30.016666666666666,15.798735399999714,1.899941096973319
L05,S03,collision_side,simultaneous,-0.6046118486168476,entered beside car,-0.009225733898224231,-2.1225001335144142,3.5105169347408496,10.828369140625,False,,,0.08489414706457016,0.15514850925753665,0.5113865515332799,13.7,7.2242370999993,1.8963940150858736
L05,S04,completed,car first,-8.239911026134804,entered beside car,3.225239509871883,-22.029688883707777,2.6735348007806725,,False,,,0.10174021390358441,0.21903017325546617,0.9941187312022458,27.391666666666666,14.97315510000044,1.8293850884284142
L05,S05,collision_side,simultaneous,-0.3024465943263834,entered beside car,-0.00017174704453282175,-1.0750000000000028,3.5543465199013724,,False,,,0.11277707288419603,0.21903017325546617,0.8662011348510923,21.466666666666665,11.27149289999943,1.9045096206082648
L05,S06,completed,car first,-3.032937074187868,entered beside car,1.5406838849835376,-12.158664091516648,4.0088744982526165,,False,,,0.10178204377117278,0.21917671425941637,0.9941187312022458,27.383333333333333,14.524227500000052,1.8853555780046296
L05,S07,completed,pedestrian first,2.6620939082608133,1.5-3 s,1.1366225920903172,7.188407232507785,2.7002831155584897,,False,,,0.09737000968543787,0.21902033043296096,0.9941187312022458,32.583333333333336,17.4689455000007,1.8652146652659733
L05,S08,collision_side,simultaneous,-0.6558824729534293,entered beside car,-0.004672594881792946,-1.9500000000000028,2.9730936263919068,,False,,,0.106662794547739,0.21902033043296096,0.8662011348510923,26.216666666666665,13.928235599998516,1.8822676051422809
L05,S09,completed,car first,-4.742469142746854,entered beside car,1.9834928401433176,-13.61910282844783,2.871732512857131,,False,,,0.09736726621242545,0.21983146751259502,0.9941187312022458,32.583333333333336,17.58466529999896,1.8529402054263304
L06,S00,completed,car first,-6.581334481881409,entered beside car,2.4360774566270624,-17.249203702889993,2.620927982064658,,False,,,0.10115286749411649,0.22958933462822387,0.9963607488217151,30.825,17.4737298,1.7640767227612733
L06,S01,completed,car first,-2.1378025943619723,entered beside car,0.5703277069867563,-7.502468180811114,3.509429823220056,,False,,,0.09892732342702709,0.22895250240626736,0.9963607488217151,33.358333333333334,17.715611599998738,1.8829907816073204
L06,S02,completed,pedestrian first,2.6558139365227165,1.5-3 s,0.7124599264469509,9.319872136779274,3.5092338392432247,,False,,,0.09892732342702709,0.22895250240626736,0.9963607488217151,33.358333333333334,17.465296000000308,1.909978126527758
L06,S03,collision_side,simultaneous,,no conflict,-0.002722751137941959,,,10.030733108520508,False,,,0.08437661415322559,0.15518542930278253,0.49899565527761036,14.991666666666667,7.683024200001455,1.9512715665614886
L06,S04,completed,car first,-8.234889798969586,entered beside car,3.1915177187300525,-21.974404870321557,2.668451601267471,,False,,,0.10115263569368976,0.2295864919293381,0.9963607488217151,30.825,16.309449499998664,1.8900086112656669
L06,S05,collision_side,simultaneous,,no conflict,-0.00021315731457605125,,,,False,,,0.10864632543577772,0.2295864919293381,0.8981009670080222,24.591666666666665,12.719054099999994,1.9334509054935678
L06,S06,completed,car first,-3.0128745773732564,entered beside car,1.5378132959944866,-12.077322284212784,4.008571208013004,,False,,,0.10115263569368976,0.2295864919293381,0.9963607488217151,30.825,16.226783300000534,1.8996371264783567
L06,S07,completed,pedestrian first,2.9704908438876862,1.5-3 s,1.1040978973612248,8.027050683515426,2.702264071957169,5.653024196624756,False,,,0.09722043942650624,0.2294427138808569,0.9963607488217151,37.06666666666667,19.582130900000266,1.8928821820237227
L06,S08,collision_side,simultaneous,,no conflict,-0.007221995548079008,,,,False,,,0.10349223219213706,0.2294427138808569,0.8726262087600277,29.508333333333333,15.494372700000895,1.9044548562673744
L06,S09,completed,car first,-4.735426713315117,entered beside car,1.881194600416755,-12.786946806559364,2.7002734031560256,,False,,,0.09685423101306065,0.2294427138808569,0.9963607488217151,36.56666666666667,19.615010900000925,1.864218523919604
L07,S00,completed,car first,-4.434830985176055,entered beside car,2.4207349166188656,-17.72030263710863,3.9957109293095567,,False,,,0.10065690342970596,0.23165224958537442,0.9962629955270448,32.21666666666667,18.137117399999624,1.7762837366133681
L07,S01,completed,car first,-2.1552900282414558,entered beside car,0.5859254298050232,-7.562725093073098,3.508912950914396,,False,,,0.09848654890038566,0.23352349295052,0.9962629955270448,35.05,18.473259500000495,1.8973370671266248
L07,S02,completed,pedestrian first,2.6914535926132483,1.5-3 s,1.2630548308423748,9.44493627947216,3.509232447995384,8.007668495178223,False,,,0.09798025964626986,0.2333943937812023,0.9962629955270448,35.675,18.762404800001605,1.9014087149423908
L07,S03,collision_side,simultaneous,-0.5151306441347092,entered beside car,-0.00041226234786151394,-1.8083335876464872,3.5104368342986776,10.758001327514648,False,,,0.08395255323962454,0.15543264440298005,0.49702197020911837,16.058333333333334,8.310324100000798,1.9323353866947008
L07,S04,completed,car first,-7.450630295628396,entered beside car,3.224511335031405,-23.056418630558028,3.0945594823147,,False,,,0.10065694302810273,0.23165537738097997,0.9962629955270448,32.21666666666667,17.16040609999982,1.8773836982020495
L07,S05,collision_side,simultaneous,-0.9498521653925321,entered beside car,-0.008810468257081538,-3.809166622161868,4.010273136122932,,False,,,0.10627454728935623,0.23165537738097997,0.9121803948855522,26.791666666666668,14.011510800000906,1.9121183324973732
L07,S06,completed,car first,-2.9790403306166136,entered beside car,1.51578887581735,-11.946665954589847,4.010239751308462,,False,,,0.10065694302810273,0.23165537738097997,0.9962629955270448,32.21666666666667,16.924993099999483,1.9034965908888704
L07,S07,completed,pedestrian first,2.9862401752362824,1.5-3 s,1.3323397313196779,8.229166316986081,2.7556947311965487,8.778064727783203,False,,,0.09556461229770154,0.23210750263584257,0.9962629955270448,39.833333333333336,21.038747200000216,1.8933320009345864
L07,S08,collision_side,simultaneous,,no conflict,-0.0027103456596009323,,,,False,,,0.10113664486670475,0.23210750263584257,0.8841528613383881,32.24166666666667,16.972690699998566,1.899620233265041
L07,S09,completed,car first,-4.735388908344429,entered beside car,1.8854587784444252,-12.786946192079931,2.7002948310216954,,False,,,0.09576864639550291,0.23210750263584257,0.9962629955270448,39.0,20.87299460000031,1.8684429688876276
L08,S00,completed,car first,-3.6268094991122943,entered beside car,1.836372596068827,-14.510896589465872,4.001008763492428,,False,,,0.10714882271298021,0.26677240575383615,0.9954896881349343,32.63333333333333,21.431867999999668,1.522654643698526
L08,S01,collision_side,simultaneous,-1.4139191445182306,entered beside car,-0.0049921464841702345,-4.963332366943362,3.51033677292384,,False,,,0.08456363104650677,0.15434640936629962,0.5489890492997204,17.966666666666665,11.166921500000171,1.6089185069194216
L08,S02,completed,pedestrian first,2.8777479815745455,1.5-3 s,0.930566362392188,10.097504220053963,3.508821580175052,,False,,,0.10481891937453323,0.2659556466627567,0.9954896881349343,35.575,22.159852800001318,1.6053807000016664
L08,S03,collision_side,simultaneous,,no conflict,-0.008829060820442436,,,8.613353729248047,False,,,0.08879993661874769,0.15434640936629962,0.4813969383739418,16.141666666666666,10.773635600000489,1.498256230855435
L08,S04,completed,car first,-6.212101058312887,entered beside car,2.6091459147808003,-19.554774517607086,3.1478519641014775,,False,,,0.1071166645239928,0.2680489043845377,0.9954896881349343,32.63333333333333,25.11859480000021,1.2991703394703058
L08,S05,collision_side,simultaneous,-0.7306194114250032,entered beside car,-0.004528092702231756,-2.9300002574920683,4.010296211234497,,False,,,0.11294607004952606,0.2667736461105982,0.9052833657022861,27.133333333333333,19.46239719999903,1.3941413822000654
L08,S06,completed,car first,-2.339831081500384,entered beside car,0.9663284054941599,-9.3833324432373,4.010260619847981,,False,,,0.10714833557496499,0.2667736461105982,0.9954896881349343,32.63333333333333,23.964790699999867,1.3617199391327677
L08,S07,completed,pedestrian first,3.453302267644868,> 3 s,1.5325313314440816,10.270000147819516,2.9739650201033796,13.712605476379395,False,,,0.101813973882662,0.2665586931537173,0.9954896881349343,40.025,28.630786500001705,1.3979706774732723
L08,S08,collision_side,simultaneous,-0.5746007926594597,entered beside car,-0.0016372062672891374,-1.729999941587451,3.010785859832158,,False,,,0.10765393747569178,0.2665586931537173,0.8692008346569507,32.50833333333333,23.146353099999033,1.404468911058593
L08,S09,completed,car first,-3.8529225532944187,entered beside car,1.2774800289376316,-10.390490146292137,2.696781469798247,,False,,,0.10208087997179806,0.2665586931537173,0.9954896881349343,39.65833333333333,28.469405499999993,1.393015858140534
L09,S00,completed,car first,-3.7271288990234392,entered beside car,1.8438726367077303,-14.220277319741385,3.8153435808102314,,False,,,0.10770542482543881,0.262025717638889,0.9956023685182718,30.391666666666666,21.27473420000024,1.4285333194276206
L09,S01,collision_side,simultaneous,-1.3525330205281971,entered beside car,-0.00562004428644336,-4.746773316130827,3.509543385696489,,False,,,0.08425729849820805,0.15511827151483498,0.5453549703452536,16.4,10.502018600000156,1.5616045471486553
L09,S02,completed,pedestrian first,2.914907327209943,1.5-3 s,1.2163421613953833,10.228011406377995,3.5088633216233065,,False,,,0.1052295684419437,0.26142069195261103,0.9956023685182718,32.99166666666667,20.849093200000425,1.5824029539407496
L09,S03,collision_front,simultaneous,,no conflict,-0.0212916569857029,,,8.129892349243164,False,,,0.08677855219184467,0.15511827151483498,0.47332457950093104,14.716666666666667,9.10814930000015,1.6157691515516137
L09,S04,completed,car first,-6.91813875316953,entered beside car,2.5812778131534704,-18.371596596879655,2.655569258200083,,False,,,0.10763782704206595,0.2620124175020724,0.9956023685182718,30.391666666666666,20.054690400000254,1.5154393341652526
L09,S05,collision_side,simultaneous,-0.7173299077596091,entered beside car,-0.008260158007380447,-2.876666259765628,4.010241631706305,,False,,,0.11469519642612216,0.26202273614325644,0.8966564661896813,24.8,15.64630120000038,1.585039152895727
L09,S06,completed,car first,-2.3030485542483214,entered beside car,0.9394943647224914,-9.230976833609688,4.008155545214952,,False,,,0.1077051646464442,0.26202273614325644,0.9956023685182718,30.391666666666666,19.948195299999497,1.523529633112597
L09,S07,completed,pedestrian first,3.6938358836599194,> 3 s,1.561926283155659,10.136666107177732,2.7442112823740668,10.452136993408203,False,,,0.10237829227938189,0.26117176659535035,0.9956023685182718,37.016666666666666,23.649493800001437,1.5652202529030206
L09,S08,collision_side,simultaneous,,no conflict,-0.0010271975199400707,,,,False,,,0.10952901398279793,0.26117176659535035,0.8614756895588829,29.55,19.159188699999504,1.5423408821063893
L09,S09,completed,car first,-3.798747698770465,entered beside car,1.224237494458272,-10.250101978460997,2.6982844851156162,,False,,,0.10273727100265688,0.26117176659535035,0.9956023685182718,36.625,24.137941599999976,1.5173207644184554
